Brand,Description,link,pricewas,pricenow
APPLE,IPHONE SE 256GB,https://www.davidjones.com/brand/apple/23490013/IPHONE-SE-256GB.html,$999.00,$999.00
APPLE,IPHONE SE 256GB,https://www.davidjones.com/brand/apple/23490011/IPHONE-SE-256GB.html,$999.00,$999.00
APPLE,IPHONE SE 256GB,https://www.davidjones.com/brand/apple/23490012/IPHONE-SE-256GB.html,$999.00,$999.00
APPLE,IPAD PRO 11-INCH WI-FI 128GB - SILVER - MY252X/A,https://www.davidjones.com/brand/apple/23470093/iPad-Pro-11-inch-WI-FI-128GB---Silver---MY252X%7CA.html,"$1,329.00","$1,329.00"
APPLE,IPAD PRO 11-INCH WI-FI 256GB - SILVER - MXDD2X/A,https://www.davidjones.com/brand/apple/23470095/iPad-Pro-11-inch-WI-FI-256GB---Silver---MXDD2X%7CA.html,"$1,499.00","$1,499.00"
APPLE,IPAD PRO 11-INCH WI-FI 512GB - SPACE GREY - MXDE2X/A,https://www.davidjones.com/brand/apple/23470096/iPad-Pro-11-inch-WI-FI-512GB---Space-Grey---MXDE2X%7CA.html,"$1,839.00","$1,839.00"
APPLE,IPAD PRO 11-INCH WI-FI + CELL 128GB - SPACE GREY - MY2V2X/A,https://www.davidjones.com/brand/apple/23470100/iPad-Pro-11-inch-WI-FI-+-CELL-128GB---Space-Grey---MY2V2X%7CA.html,"$1,579.00","$1,579.00"
APPLE,IPAD PRO 11-INCH WI-FI + CELL 128GB -SILVER - MY2W2X/A,https://www.davidjones.com/brand/apple/23470101/iPad-Pro-11-inch-WI-FI-+-CELL-128GB--Silver---MY2W2X%7CA.html,"$1,579.00","$1,579.00"
APPLE,IPAD PRO 11-INCH WI-FI 512GB - SILVER - MXDF2X/A,https://www.davidjones.com/brand/apple/23470097/iPad-Pro-11-inch-WI-FI-512GB---Silver---MXDF2X%7CA.html,"$1,839.00","$1,839.00"
APPLE,IPAD PRO 11-INCH WI-FI + CELL 256GB - SPACE GREY - MXE42X/A,https://www.davidjones.com/brand/apple/23470102/iPad-Pro-11-inch-WI-FI-+-CELL-256GB---Space-Grey---MXE42X%7CA.html,"$1,749.00","$1,749.00"
APPLE,IPAD PRO 11-INCH WI-FI + CELL 256GB SILVER - MXE52X/A,https://www.davidjones.com/brand/apple/23470103/iPad-Pro-11-inch-WI-FI-+-CELL-256GB-Silver---MXE52X%7CA.html,"$1,749.00","$1,749.00"
APPLE,IPAD PRO 11-INCH WI-FI + CELL 512GB - SPACE GREY - MXE62X/A,https://www.davidjones.com/brand/apple/23470104/iPad-Pro-11-inch-WI-FI-+-CELL-512GB---Space-Grey---MXE62X%7CA.html,"$2,089.00","$2,089.00"
APPLE,IPAD PRO 11-INCH WI-FI + CELL 1TB - SPACE GREY -MXE82X/A,https://www.davidjones.com/brand/apple/23470106/iPad-Pro-11-inch-WI-FI-+-CELL-1TB---Space-Grey--MXE82X%7CA.html,"$2,429.00","$2,429.00"
APPLE,IPAD PRO 12.9-INCH WI-FI 512GB - SPACE GREY - MXAV2X/A,https://www.davidjones.com/brand/apple/23470112/iPad-Pro-12.9-inch-WI-FI-512GB---Space-Grey---MXAV2X%7CA.html,"$2,159.00","$2,159.00"
APPLE,IPAD PRO 12.9-INCH WI-FI 512GB - SILVER - MXAW2X/A,https://www.davidjones.com/brand/apple/23470113/iPad-Pro-12.9-inch-WI-FI-512GB---Silver---MXAW2X%7CA.html,"$2,159.00","$2,159.00"
APPLE,IPAD PRO 12.9-INCH WI-FI 1TB SPACE GREY - MXAX2X/A,https://www.davidjones.com/brand/apple/23470114/iPad-Pro-12.9-inch-WI-FI-1TB-Space-Grey---MXAX2X%7CA.html,"$2,499.00","$2,499.00"
APPLE,IPAD PRO 12.9-INCH WI-FI 1TB - SILVER - MXAY2X/A,https://www.davidjones.com/brand/apple/23470115/iPad-Pro-12.9-inch-WI-FI-1TB---Silver---MXAY2X%7CA.html,"$2,499.00","$2,499.00"
APPLE,IPAD PRO 12.9-INCH WI-FI + CELL 128GB - SPACE GREY -MXAY2X/A,https://www.davidjones.com/brand/apple/23470116/iPad-Pro-12.9-inch-WI-FI-+-CELL-128GB---Space-Grey--MXAY2X%7CA.html,"$1,899.00","$1,899.00"
APPLE,IPAD PRO 12.9-INCH WI-FI + CELL 128GB - SILVER - MY3D2X/A,https://www.davidjones.com/brand/apple/23470117/iPad-Pro-12.9-inch-WI-FI-+-CELL-128GB---Silver---MY3D2X%7CA.html,"$1,899.00","$1,899.00"
APPLE,IPAD PRO 12.9-INCH WI-FI + CELL 256GB - SPACE GEY -MXF52X/A,https://www.davidjones.com/brand/apple/23470118/iPad-Pro-12.9-inch-WI-FI-+-CELL-256GB---Space-Gey--MXF52X%7CA.html,"$2,069.00","$2,069.00"
APPLE,IPAD PRO 12.9-INCH WI-FI+CELL 256GB - SILVER - MXF62X/A,https://www.davidjones.com/brand/apple/23470119/iPad-Pro-12.9-inch-WI-FI+CELL-256GB---Silver---MXF62X%7CA.html,"$2,069.00","$2,069.00"
APPLE,IPAD PRO 12.9-INCH WI-FI + CELL 512GB - SILVER - MXF82X/A,https://www.davidjones.com/brand/apple/23470121/iPad-Pro-12.9-inch-WI-FI-+-CELL-512GB---Silver---MXF82X%7CA.html,"$2,409.00","$2,409.00"
APPLE,IPAD PRO 12.9-INCH WI-FI + CELL 1TB - SILVER - MXFA2X/A,https://www.davidjones.com/brand/apple/23470123/iPad-Pro-12.9-inch-WI-FI-+-CELL-1TB---Silver---MXFA2X%7CA.html,"$2,749.00","$2,749.00"
APPLE,IPHONE 11 PRO 256GB - GOLD - MWC92X/A,https://www.davidjones.com/brand/apple/23016135/iPhone-11-Pro-256GB---Gold---MWC92X%7CA.html,"$1,999.00","$1,999.00"
APPLE,IPHONE 11 PRO MAX 256GB - GOLD - MWHL2X/A,https://www.davidjones.com/brand/apple/23016147/iPhone-11-Pro-Max-256GB---Gold---MWHL2X%7CA.html,"$2,149.00","$2,149.00"
APPLE,IPHONE 11 PRO MAX 512GB - GOLD - MWHQ2X/A,https://www.davidjones.com/brand/apple/23016151/iPhone-11-Pro-Max-512GB---Gold---MWHQ2X%7CA.html,"$2,499.00","$2,499.00"
APPLE,AIRPODS WITH WIRELESS CASE MRXJ2ZA/A,https://www.davidjones.com/brand/apple/22662274/AIRPODS-WITH-WIRELESS-CASE-MRXJ2ZA%7CA.html,$319.00,$319.00
APPLE,WATCH S5 GPS 44MM GOLD ALUMINIUM PINK SAND SPORT BAND,https://www.davidjones.com/brand/apple/23016528/Watch-S5-GPS-44mm-Gold-Aluminium-Pink-Sand-Sport-Band.html,$699.00,$699.00
APPLE,AIRPODS WITH STANDARD CHARGING CASE MV7N2ZA/A,https://www.davidjones.com/brand/apple/22662275/AIRPODS-WITH-STANDARD-CHARGING-CASE-MV7N2ZA%7CA.html,$249.00,$249.00
APPLE,IPHONE 11 PRO MAX 256GB - MIDNIGHT GREEN - MWHM2X/A,https://www.davidjones.com/brand/apple/23016148/iPhone-11-Pro-Max-256GB---Midnight-Green---MWHM2X%7CA.html,"$2,149.00","$2,149.00"
APPLE,IPHONE 11 PRO MAX 64GB - MIDNIGHT GREEN - MWHH2X/A,https://www.davidjones.com/brand/apple/23016144/iPhone-11-Pro-Max-64GB---Midnight-Green---MWHH2X%7CA.html,"$1,899.00","$1,899.00"
APPLE,IPHONE 11 PRO 64GB - MIDNIGHT GREEN - MWC62X/A,https://www.davidjones.com/brand/apple/23016132/iPhone-11-Pro-64GB---Midnight-Green---MWC62X%7CA.html,"$1,749.00","$1,749.00"
APPLE,IPHONE 11 PRO 64GB - SPACE GREY - MWC22X/A,https://www.davidjones.com/brand/apple/23016129/iPhone-11-Pro-64GB---Space-Grey---MWC22X%7CA.html,"$1,749.00","$1,749.00"
APPLE,IPHONE 11 PRO 512GB - SPACE GREY - MWCD2X/A,https://www.davidjones.com/brand/apple/23016137/iPhone-11-Pro-512GB---Space-Grey---MWCD2X%7CA.html,"$2,349.00","$2,349.00"
APPLE,IPHONE 11 PRO MAX 64GB - SPACE GREY - MWHD2X/A,https://www.davidjones.com/brand/apple/23016141/iPhone-11-Pro-Max-64GB---Space-Grey---MWHD2X%7CA.html,"$1,899.00","$1,899.00"
APPLE,IPHONE 11 PRO MAX 64GB - GOLD - MWHG2X/A,https://www.davidjones.com/brand/apple/23016143/iPhone-11-Pro-Max-64GB---Gold---MWHG2X%7CA.html,"$1,899.00","$1,899.00"
APPLE,IPHONE 11 PRO 64GB - SILVER - MWC32X/A,https://www.davidjones.com/brand/apple/23016130/iPhone-11-Pro-64GB---Silver---MWC32X%7CA.html,"$1,749.00","$1,749.00"
APPLE,IPHONE 11 PRO 256GB - MIDNIGHT GREEN - MWCC2X/A,https://www.davidjones.com/brand/apple/23016136/iPhone-11-Pro-256GB---Midnight-Green---MWCC2X%7CA.html,"$1,999.00","$1,999.00"
APPLE,IPHONE 11 128GB - RED - MWM32X/A,https://www.davidjones.com/brand/apple/23016119/iPhone-11-128GB---Red---MWM32X%7CA.html,"$1,279.00","$1,279.00"
APPLE,IPHONE 11 256GB - BLACK - MWM72X/A,https://www.davidjones.com/brand/apple/23016123/iPhone-11-256GB---Black---MWM72X%7CA.html,"$1,449.00","$1,449.00"
APPLE,IPHONE 11 64GB - WHITE - MWLU2X/A,https://www.davidjones.com/brand/apple/23016112/iPhone-11-64GB---White---MWLU2X%7CA.html,"$1,199.00","$1,199.00"
APPLE,IPHONE 11 64GB - RED - MWLV2X/A,https://www.davidjones.com/brand/apple/23016113/iPhone-11-64GB---Red---MWLV2X%7CA.html,"$1,199.00","$1,199.00"
APPLE,IPHONE 11 64GB - YELLOW - MWLW2X/A,https://www.davidjones.com/brand/apple/23016114/iPhone-11-64GB---Yellow---MWLW2X%7CA.html,"$1,199.00","$1,199.00"
APPLE,IPHONE 11 64GB - BLACK - MWLT2X/A,https://www.davidjones.com/brand/apple/23016111/iPhone-11-64GB---Black---MWLT2X%7CA.html,"$1,199.00","$1,199.00"
APPLE,IPAD 10.2-INCH WIFI+CELL 128GB SPACE GREY (7TH GEN) MW6E2X/A,https://www.davidjones.com/brand/apple/23047696/iPad-10.2-inch-WiFi+Cell-128GB-Space-Grey-(7th-Gen)-MW6E2X%7CA.html,$889.00,$889.00
APPLE,IPAD 10.2-INCH WI-FI+CELL 32GB SPACE GREY (7TH GEN) MW6A2X/A,https://www.davidjones.com/brand/apple/23047693/iPad-10.2-inch-Wi-Fi+Cell-32GB-Space-Grey-(7th-Gen)-MW6A2X%7CA.html,$729.00,$729.00
APPLE,IPAD 10.2-INCH WI-FI 128GB SPACE GREY (7TH GEN) MW772X/A,https://www.davidjones.com/brand/apple/23047690/iPad-10.2-inch-Wi-Fi-128GB-Space-Grey-(7th-Gen)-MW772X%7CA.html,$689.00,$689.00
APPLE,IPAD 10.2-INCH WI-FI 32GB SPACE GREY (7TH GEN) MW742X/A,https://www.davidjones.com/brand/apple/23047687/iPad-10.2-inch-Wi-Fi-32GB-Space-Grey--(7th-Gen)--MW742X%7CA.html,$529.00,$529.00
APPLE,WATCH S5 GPS 44MM SPACE GREY ALUMINIUM BLACK SPORT BAND,https://www.davidjones.com/brand/apple/23016529/Watch-S5-GPS-44mm-Space-Grey-Aluminium-Black-Sport-Band.html,$699.00,$699.00
APPLE,WATCH S5 GPS 40MM SPACE GREY ALUMINIUM BLACK SPORT BAND,https://www.davidjones.com/brand/apple/23016526/Watch-S5-GPS-40mm-Space-Grey-Aluminium-Black-Sport-Band.html,$649.00,$649.00
APPLE,WATCH S5 GPS + CELL 44MM SPACE GREY ALUMINIUM BLACK BAND,https://www.davidjones.com/brand/apple/23016532/Watch-S5-GPS-+-CELL-44mm-Space-Grey-Aluminium-Black-Band.html,$849.00,$849.00
APPLE,WATCH S5 GPS + CELL 44MM GOLD ALUMINIUM PINK SPORT BAND,https://www.davidjones.com/brand/apple/23016531/Watch-S5-GPS-+-CELL-44mm-Gold-Aluminium-Pink-Sport-Band.html,$849.00,$849.00
APPLE,WATCH S5 GPS + CELL 40MM GOLD ALUMINIUM PINK SAND SPORT BAND,https://www.davidjones.com/brand/apple/23016540/Watch-S5-GPS-+-CELL-40mm-Gold-Aluminium-Pink-Sand-Sport-Band.html,$799.00,$799.00
APPLE,WATCH S4 GPS + CELL 44MM GOLD S/STEEL W/STONE S/BAND,https://www.davidjones.com/brand/apple/22210823/WATCH-S4-GPS-+-CELL-44MM-GOLD-S%7CSTEEL-W%7CSTONE-S%7CBAND.html,"RRP
$997.00","OUR PRICE
$897.00"
APPLE,MACBOOK PRO 15-INCH 2.6GHZ/I7/16GB/256GB SILVER MV922X/A,https://www.davidjones.com/brand/apple/22754416/MacBook-Pro-15-inch-2.6GHZ%7CI7%7C16GB%7C256GB-Silver-MV922X%7CA.html,"RRP
$2,697.00","OUR PRICE
$2,497.00"
APPLE,IPHONE 11 PRO 256GB - SPACE GREY - MWC72X/A,https://www.davidjones.com/brand/apple/23016133/iPhone-11-Pro-256GB---Space-Grey---MWC72X%7CA.html,"$1,999.00","$1,999.00"
APPLE,IPHONE 11 PRO 256GB - SILVER - MWC82X/A,https://www.davidjones.com/brand/apple/23016134/iPhone-11-Pro-256GB---Silver---MWC82X%7CA.html,"$1,999.00","$1,999.00"
APPLE,IPHONE 11 PRO MAX 256GB - SILVER - MWHK2X/A,https://www.davidjones.com/brand/apple/23016146/iPhone-11-Pro-Max-256GB---Silver---MWHK2X%7CA.html,"$2,149.00","$2,149.00"
APPLE,IPHONE 11 128GB - PURPLE - MWM52X/A,https://www.davidjones.com/brand/apple/23016121/iPhone-11-128GB---Purple---MWM52X%7CA.html,"$1,279.00","$1,279.00"
APPLE,IPHONE 11 128GB - WHITE - MWM22X/A,https://www.davidjones.com/brand/apple/23016118/iPhone-11-128GB---White---MWM22X%7CA.html,"$1,279.00","$1,279.00"
APPLE,IPAD 10.2-INCH WI-FI 32GB GOLD (7TH GEN) MW762X/A,https://www.davidjones.com/brand/apple/23047689/iPad-10.2-inch-Wi-Fi-32GB-Gold-(7th-Gen)--MW762X%7CA.html,$529.00,$529.00
APPLE,WATCH S5 GPS 40MM GOLD ALUMINIUM PINK SAND SPORT BAND,https://www.davidjones.com/brand/apple/23016525/Watch-S5-GPS-40mm-Gold-Aluminium-Pink-Sand-Sport-Band.html,$649.00,$649.00
APPLE,WATCH S5 GPS + CELL 40MM SPACE GREY ALUMINIUM W/BLACK BAND,https://www.davidjones.com/brand/apple/23016541/Watch-S5-GPS-+-CELL-40mm-Space-Grey-Aluminium-W%7CBlack-Band.html,$799.00,$799.00
APPLE,IMAC 21.5-INCH 2.3GHZ DC/8GB/1TB MMQA2X/A,https://www.davidjones.com/brand/apple/21429486/iMac-21.5-inch-2.3GHZ-DC%7C8GB%7C1TB-MMQA2X%7CA.html,"$1,699.00","$1,699.00"
APPLE,IMAC 27-INCH 5K 3.0GHZ 6C/8GB/1TBF/R570X MRQY2X/A,https://www.davidjones.com/brand/apple/22662079/iMac-27-inch-5K-3.0GHZ-6C%7C8GB%7C1TBF%7CR570X-MRQY2X%7CA.html,"$2,799.00","$2,799.00"
APPLE,LIGHTNING DIGITAL AV ADAPTER MD826AM/A,https://www.davidjones.com/brand/apple/21429237/LIGHTNING-DIGITAL-AV-ADAPTER-MD826AM%7CA.html,$75.00,$75.00
APPLE,USB-C CHARGE CABLE (2 M) MLL82AM/A,https://www.davidjones.com/brand/apple/21429247/USB-C-CHARGE-CABLE-(2-M)-MLL82AM%7CA.html,$29.00,$29.00
APPLE,IPAD PRO 12.9IN (3RD GEN) SMART KEYBOARD- MU8H2ZA/A,https://www.davidjones.com/brand/apple/22293666/IPAD-PRO-12.9IN-(3RD-GEN)-SMART-KEYBOARD--MU8H2ZA%7CA.html,$299.00,$299.00
APPLE,USB-C CHARGE CABLE (1 M)- MUF72FE/A,https://www.davidjones.com/brand/apple/22293655/USB-C-CHARGE-CABLE-(1-M)--MUF72FE%7CA.html,$29.00,$29.00
APPLE,12W USB POWER ADAPTER MD836X/A,https://www.davidjones.com/brand/apple/21433589/12W-USB-POWER-ADAPTER-MD836X%7CA.html,$29.00,$29.00
APPLE,85W MAGSAFE 2 POWER ADAPTER MD506X/A,https://www.davidjones.com/brand/apple/21433592/85W-MAGSAFE-2-POWER-ADAPTER-MD506X%7CA.html,$119.00,$119.00
APPLE,IPHONE XS 256GB - SPACE GREY - MT9H2X/A,https://www.davidjones.com/brand/apple/22178588/IPHONE-XS-256GB---SPACE-GREY---MT9H2X%7CA.html,"RRP
$1,437.00","OUR PRICE
$1,197.00"
APPLE,IPHONE XS 64GB - GOLD - MT9G2X/A,https://www.davidjones.com/brand/apple/22178587/IPHONE-XS-64GB---GOLD---MT9G2X%7CA.html,"RRP
$1,167.00","OUR PRICE
$997.00"
APPLE,IPHONE XS MAX 256GB - SPACE GREY - MT532X/A,https://www.davidjones.com/brand/apple/22178597/IPHONE-XS-MAX-256GB---SPACE-GREY---MT532X%7CA.html,"RRP
$1,617.00","OUR PRICE
$1,297.00"
APPLE,IPHONE XS MAX 512GB - SILVER - MT572X/A,https://www.davidjones.com/brand/apple/22178601/IPHONE-XS-MAX-512GB---SILVER---MT572X%7CA.html,"RRP
$1,797.00","OUR PRICE
$1,497.00"
APPLE,IPHONE XS MAX 512GB - SPACE GREY - MT562X/A,https://www.davidjones.com/brand/apple/22178600/IPHONE-XS-MAX-512GB---SPACE-GREY---MT562X%7CA.html,"RRP
$1,797.00","OUR PRICE
$1,497.00"
APPLE,IPHONE XS MAX 64GB - GOLD - MT522X/A,https://www.davidjones.com/brand/apple/22178596/IPHONE-XS-MAX-64GB---GOLD---MT522X%7CA.html,"RRP
$1,347.00","OUR PRICE
$1,097.00"
APPLE,IPHONE XS MAX 64GB - SILVER - MT512X/A,https://www.davidjones.com/brand/apple/22178595/IPHONE-XS-MAX-64GB---SILVER---MT512X%7CA.html,"RRP
$1,347.00","OUR PRICE
$1,097.00"
APPLE,IPHONE XS MAX 64GB - SPACE GREY - MT502X/A,https://www.davidjones.com/brand/apple/22178594/IPHONE-XS-MAX-64GB---SPACE-GREY---MT502X%7CA.html,"RRP
$1,347.00","OUR PRICE
$1,097.00"
APPLE,LIGHTNING TO 3.5MM H/PHONE JACK ADAPTER MMX62FE/A,https://www.davidjones.com/brand/apple/21429236/LIGHTNING-TO-3.5MM-H%7CPHONE-JACK-ADAPTER-MMX62FE%7CA.html,$15.00,$15.00
APPLE,LIGHTNING TO USB 2.0 CABLE (0.5M) ME291AM/A,https://www.davidjones.com/brand/apple/21429250/LIGHTNING-TO-USB-2.0-CABLE-(0.5M)-ME291AM%7CA.html,$29.00,$29.00
APPLE,LIGHTNING TO USB 2.0 CABLE (2 M) MD819AM/A,https://www.davidjones.com/brand/apple/21429238/LIGHTNING-TO-USB-2.0-CABLE-(2-M)-MD819AM%7CA.html,$45.00,$45.00
APPLE,LIGHTNING TO USB-C CABLE (1 M) MQGJ2FE/A,https://www.davidjones.com/brand/apple/21925915/LIGHTNING-TO-USB-C-CABLE-(1-M)-MQGJ2FE%7CA.html,$29.00,$29.00
APPLE,USB-C DIGITAL AV MULTIPORT ADAPTER MJ1K2AM/A,https://www.davidjones.com/brand/apple/21429244/USB-C-DIGITAL-AV-MULTIPORT-ADAPTER-MJ1K2AM%7CA.html,$99.00,$99.00
APPLE,USB-C TO 3.5MM HEADPHONE JACK ADAPTER- MU7E2FE/A,https://www.davidjones.com/brand/apple/22293654/USB-C-TO-3.5MM-HEADPHONE-JACK-ADAPTER--MU7E2FE%7CA.html,$15.00,$15.00
APPLE,IPAD PRO 11-INCH WI-FI + CELLULAR 64GB SPACE GREY MU0M2X/A,https://www.davidjones.com/brand/apple/22287030/iPad-Pro-11-inch-Wi-Fi-+-Cellular-64GB-Space-Grey-MU0M2X%7CA.html,"RRP
$1,267.00","OUR PRICE
$1,197.00"
APPLE,IPAD PRO 11-INCH WI-FI+ CELLULAR 64GB SILVER MU0U2X/A,https://www.davidjones.com/brand/apple/22287031/iPad-Pro-11-inch-Wi-Fi+-Cellular-64GB-Silver-MU0U2X%7CA.html,"RRP
$1,267.00","OUR PRICE
$1,197.00"
APPLE,IPAD AIR 10.5-INCH WI-FI + CELL 256GB GOLD (3 GEN) MV0Q2X/A,https://www.davidjones.com/brand/apple/22662105/iPad-Air-10.5-inch-Wi-Fi-+-Cell-256GB-Gold-(3-Gen)-MV0Q2X%7CA.html,"$1,199.00","$1,199.00"
APPLE,IPAD AIR 10.5-INCH WI-FI+CELL 256GB SILVER (3 GEN) MV0P2X/A,https://www.davidjones.com/brand/apple/22662104/iPad-Air-10.5-inch-Wi-Fi+Cell-256GB-Silver-(3-Gen)-MV0P2X%7CA.html,"$1,199.00","$1,199.00"
APPLE,IPAD AIR 10.5-INCH WI-FI+CELL 64GB GREY (3RD GEN) MV0D2X/A,https://www.davidjones.com/brand/apple/22662100/iPad-Air-10.5-inch-Wi-Fi+Cell-64GB-Grey-(3rd-Gen)-MV0D2X%7CA.html,$979.00,$979.00
APPLE,IPAD AIR 10.5-INCH WI-FI+CELL 64GB SILVER (3RD GEN) MV0E2X/A,https://www.davidjones.com/brand/apple/22662101/iPad-Air-10.5-inch-Wi-Fi+Cell-64GB-Silver-(3rd-Gen)-MV0E2X%7CA.html,$979.00,$979.00
APPLE,IPAD AIR 10.5-INCH WI-FI+CELL 256GB GREY (3RD GEN) MV0N2X/A,https://www.davidjones.com/brand/apple/22662103/iPad-Air-10.5-inch-Wi-Fi+Cell-256GB-Grey-(3rd-Gen)-MV0N2X%7CA.html,"$1,199.00","$1,199.00"
APPLE,IPAD MINI 5 WI-FI + CELLULAR 256GB SPACE GREY MUXC2X/A,https://www.davidjones.com/brand/apple/22662091/iPad-Mini-5--Wi-Fi-+-Cellular-256GB-Space-Grey-MUXC2X%7CA.html,"$1,019.00","$1,019.00"
APPLE,IPAD MINI 5 WI-FI + CELLULAR 256GB GOLD MUXE2X/A,https://www.davidjones.com/brand/apple/22662093/iPad-Mini-5--Wi-Fi-+-Cellular-256GB-Gold-MUXE2X%7CA.html,"$1,019.00","$1,019.00"
APPLE,IPAD MINI 5 WI-FI + CELLULAR 256GB SILVER MUXD2X/A,https://www.davidjones.com/brand/apple/22662092/iPad-Mini-5--Wi-Fi-+-Cellular-256GB-Silver-MUXD2X%7CA.html,"$1,019.00","$1,019.00"
APPLE,IPAD MINI 5 WI-FI + CELLULAR 64GB GOLD MUX72X/A,https://www.davidjones.com/brand/apple/22662090/iPad-Mini-5--Wi-Fi-+-Cellular-64GB-Gold-MUX72X%7CA.html,$799.00,$799.00
APPLE,IPAD MINI 5 WI-FI + CELLULAR 64GB SILVER MUX62X/A,https://www.davidjones.com/brand/apple/22662089/iPad-Mini-5--Wi-Fi-+-Cellular-64GB-Silver-MUX62X%7CA.html,$799.00,$799.00
APPLE,IPAD MINI 5 WI-FI 256GB GOLD MUU62X/A,https://www.davidjones.com/brand/apple/22662087/iPad-Mini-5--Wi-Fi-256GB-Gold-MUU62X%7CA.html,$819.00,$819.00
APPLE,WATCH S4 GPS + CELL 44MM - S/STEEL CASE W/WHITE S/BAND,https://www.davidjones.com/brand/apple/22210821/WATCH-S4-GPS-+-CELL-44MM---S%7CSTEEL-CASE-W%7CWHITE-S%7CBAND.html,"RRP
$997.00","OUR PRICE
$897.00"
APPLE,IPHONE 11 128GB - YELLOW - MWM42X/A,https://www.davidjones.com/brand/apple/23016120/iPhone-11-128GB---Yellow---MWM42X%7CA.html,"$1,279.00","$1,279.00"
APPLE,IPHONE 11 256GB - RED - MWM92X/A,https://www.davidjones.com/brand/apple/23016125/iPhone-11-256GB---Red---MWM92X%7CA.html,"$1,449.00","$1,449.00"
APPLE,IPHONE 11 256GB - PURPLE - MWMC2X/A,https://www.davidjones.com/brand/apple/23016127/iPhone-11-256GB---Purple---MWMC2X%7CA.html,"$1,449.00","$1,449.00"
APPLE,IPHONE 11 256GB - WHITE - MWM82X/A,https://www.davidjones.com/brand/apple/23016124/iPhone-11-256GB---White---MWM82X%7CA.html,"$1,449.00","$1,449.00"
APPLE,IPHONE 11 256GB - YELLOW - MWMA2X/A,https://www.davidjones.com/brand/apple/23016126/iPhone-11-256GB---Yellow---MWMA2X%7CA.html,"$1,449.00","$1,449.00"
APPLE,IPHONE 11 PRO 512GB - GOLD - MWCF2X/A,https://www.davidjones.com/brand/apple/23016139/iPhone-11-Pro-512GB---Gold---MWCF2X%7CA.html,"$2,349.00","$2,349.00"
APPLE,IPHONE 11 PRO 512GB - MIDNIGHT GREEN - MWCG2X/A,https://www.davidjones.com/brand/apple/23016140/iPhone-11-Pro-512GB---Midnight-Green---MWCG2X%7CA.html,"$2,349.00","$2,349.00"
APPLE,IPHONE 11 PRO 512GB - SILVER - MWCE2X/A,https://www.davidjones.com/brand/apple/23016138/iPhone-11-Pro-512GB---Silver---MWCE2X%7CA.html,"$2,349.00","$2,349.00"
APPLE,IPHONE 11 PRO 64GB - GOLD - MWC52X/A,https://www.davidjones.com/brand/apple/23016131/iPhone-11-Pro-64GB---Gold---MWC52X%7CA.html,"$1,749.00","$1,749.00"
APPLE,IPHONE 11 PRO MAX 256GB - SPACE GREY - MWHJ2X/A,https://www.davidjones.com/brand/apple/23016145/iPhone-11-Pro-Max-256GB---Space-Grey---MWHJ2X%7CA.html,"$2,149.00","$2,149.00"
APPLE,IPHONE 11 PRO MAX 512GB - MIDNIGHT GREEN - MWHR2X/A,https://www.davidjones.com/brand/apple/23016152/iPhone-11-Pro-Max-512GB---Midnight-Green---MWHR2X%7CA.html,"$2,499.00","$2,499.00"
APPLE,IPHONE 11 PRO MAX 512GB - SILVER - MWHP2X/A,https://www.davidjones.com/brand/apple/23016150/iPhone-11-Pro-Max-512GB---Silver---MWHP2X%7CA.html,"$2,499.00","$2,499.00"
APPLE,IPHONE 11 PRO MAX 64GB - SILVER - MWHF2X/A,https://www.davidjones.com/brand/apple/23016142/iPhone-11-Pro-Max-64GB---Silver---MWHF2X%7CA.html,"$1,899.00","$1,899.00"
APPLE,WATCH NIKE S5 GPS + CELL 40MM S/GRAY ALUM W/ANTHRACITE BAND,https://www.davidjones.com/brand/apple/23016549/Watch-Nike-S5-GPS-+-CELL-40mm-S%7CGray-Alum-W%7CAnthracite-Band.html,$799.00,$799.00
APPLE,WATCH NIKE S5 GPS + CELL 40MM SIL ALUM W/PURE PLATINUM BAND,https://www.davidjones.com/brand/apple/23016548/Watch-Nike-S5-GPS-+-CELL-40mm-SIL-Alum-W%7CPure-Platinum-Band.html,$799.00,$799.00
APPLE,WATCH NIKE S5 GPS + CELL 44MM S/GREY ALUM W/ANTHRACITE BAND,https://www.davidjones.com/brand/apple/23016551/Watch-Nike-S5-GPS-+-CELL-44mm-S%7CGrey-Alum-W%7CAnthracite-Band.html,$849.00,$849.00
APPLE,WATCH NIKE S5 GPS + CELL 44MM SIL ALUM W/PURE PLATINUM BAND,https://www.davidjones.com/brand/apple/23016550/Watch-Nike-S5-GPS-+-CELL-44mm-SIL-Alum-W%7CPure-Platinum-Band.html,$849.00,$849.00
APPLE,WATCH NIKE S5 GPS 40MM SILVER ALUM W/PURE PLATINUM BAND,https://www.davidjones.com/brand/apple/23016552/Watch-Nike-S5-GPS-40mm-Silver-Alum-W%7CPure-Platinum-Band.html,$649.00,$649.00
APPLE,WATCH NIKE S5 GPS 40MM SPACE GREY ALUM W/ANTHRACITE BAND,https://www.davidjones.com/brand/apple/23016553/Watch-Nike-S5-GPS-40mm-Space-Grey-Alum-W%7CAnthracite-Band.html,$649.00,$649.00
APPLE,WATCH NIKE S5 GPS 44MM SILVER ALUM W/PURE PLATINUM BAND,https://www.davidjones.com/brand/apple/23016554/Watch-Nike-S5-GPS-44mm-Silver-Alum-W%7CPure-Platinum-Band.html,$699.00,$699.00
APPLE,WATCH NIKE S5 GPS 44MM SPACE GREY ALUM W/ANTHRACITE BAND,https://www.davidjones.com/brand/apple/23016555/Watch-Nike-S5-GPS-44mm-Space-Grey-Alum-W%7CAnthracite-Band.html,$699.00,$699.00
APPLE,WATCH S5 GPS + CELL 40MM GOLD STAINLESS WITH STONE BAND,https://www.davidjones.com/brand/apple/23016544/Watch-S5-GPS-+-CELL-40mm-Gold-Stainless-With-Stone-Band.html,"$1,099.00","$1,099.00"
APPLE,WATCH S5 GPS + CELL 40MM SILVER ALUMINIUM WHITE SPORT BAND,https://www.davidjones.com/brand/apple/23016539/Watch-S5-GPS-+-CELL-40mm-Silver-Aluminium-White-Sport-Band.html,$799.00,$799.00
APPLE,WATCH S5 GPS + CELL 40MM SPACE BLACK STAINLESS W/BLACK BAND,https://www.davidjones.com/brand/apple/23016546/Watch-S5-GPS-+-CELL-40mm-Space-Black-Stainless-W%7CBlack-Band.html,"$1,099.00","$1,099.00"
APPLE,WATCH S5 GPS + CELL 40MM STAINLESS STEEL WHITE SPORT BAND,https://www.davidjones.com/brand/apple/23016542/Watch-S5-GPS-+-CELL-40mm-Stainless-Steel-White-Sport-Band.html,"$1,099.00","$1,099.00"
APPLE,WATCH S5 GPS + CELL 40MM STAINLESS W/STAINLESS MILANSES,https://www.davidjones.com/brand/apple/23016543/Watch-S5-GPS-+-CELL-40mm-Stainless-W%7CStainless-Milanses.html,"$1,179.00","$1,179.00"
APPLE,WATCH S5 GPS + CELL 44MM BLACK STAINLESS W/BLK MILANSES,https://www.davidjones.com/brand/apple/23016538/Watch-S5-GPS-+-CELL-44mm-Black-Stainless-W%7CBLK-Milanses.html,"$1,259.00","$1,259.00"
APPLE,WATCH S5 GPS + CELL 44MM GOLD STAINLESS W/GOLD MILANSES,https://www.davidjones.com/brand/apple/23016536/Watch-S5-GPS-+-CELL-44mm-Gold-Stainless-W%7CGold-Milanses.html,"$1,259.00","$1,259.00"
APPLE,WATCH S5 GPS + CELL 44MM GOLD STAINLESS WITH STONE BAND,https://www.davidjones.com/brand/apple/23016535/Watch-S5-GPS-+-CELL-44mm-Gold-Stainless-With-Stone-Band.html,"$1,179.00","$1,179.00"
APPLE,WATCH S5 GPS + CELL 44MM SILVER ALUMINIUM WHITE SPORT BAND,https://www.davidjones.com/brand/apple/23016530/Watch-S5-GPS-+-CELL-44mm-Silver-Aluminium-White-Sport-Band.html,$849.00,$849.00
APPLE,WATCH S5 GPS + CELL 44MM SPACE BLACK STAINLESS W/BLACK BAND,https://www.davidjones.com/brand/apple/23016537/Watch-S5-GPS-+-CELL-44mm-Space-Black-Stainless-W%7CBlack-Band.html,"$1,179.00","$1,179.00"
APPLE,WATCH S5 GPS + CELL 44MM STAINLES WITH WHITE SPORT BAND,https://www.davidjones.com/brand/apple/23016533/Watch-S5-GPS-+-CELL-44mm-Stainles-With-White-Sport-Band.html,"$1,179.00","$1,179.00"
APPLE,WATCH S5 GPS + CELL 44MM STAINLESS WITH MILANSES LOOP,https://www.davidjones.com/brand/apple/23016534/Watch-S5-GPS-+-CELL-44mm-Stainless-With-Milanses-Loop.html,"$1,259.00","$1,259.00"
APPLE,WATCH S5 GPS 40MM SILVER ALUMINIUM WHITE SPORT BAND,https://www.davidjones.com/brand/apple/23016524/Watch-S5-GPS-40mm-Silver-Aluminium-White-Sport-Band.html,$649.00,$649.00
APPLE,WATCH S5 GPS 44MM SILVER ALUMINIUM WHITE SPORT BAND,https://www.davidjones.com/brand/apple/23016527/Watch-S5-GPS-44mm-Silver-Aluminium-White-Sport-Band.html,$699.00,$699.00
APPLE,IPAD 10.2INCH WI-FI + CELL 128GB GOLD (7TH GEN) MW6G2X/A,https://www.davidjones.com/brand/apple/23047698/iPad-10.2inch-Wi-Fi-+-Cell-128GB-Gold-(7th-Gen)-MW6G2X%7CA.html,$889.00,$889.00
APPLE,IPAD (7 GEN) 10.2INCH WI-FI + CELL 128GB SIL - MW6F2X/A,https://www.davidjones.com/brand/apple/23047697/iPad-(7-GEN)-10.2inch-Wi-Fi-+-Cell-128gb-SIL---MW6F2X%7CA.html,$889.00,$889.00
APPLE,IPAD 10.2-INCH WI-FI+CELL 32GB GOLD (7TH GEN) MW6D2X/A,https://www.davidjones.com/brand/apple/23047695/iPad-10.2-inch-Wi-Fi+Cell-32GB-Gold-(7th-Gen)-MW6D2X%7CA.html,$729.00,$729.00
APPLE,IPAD 10.2-INCH WI-FI+CELL 32GB SILVER (7TH GEN) MW6C2X/A,https://www.davidjones.com/brand/apple/23047694/iPad-10.2-inch-Wi-Fi+Cell-32GB-Silver-(7th-Gen)-MW6C2X%7CA.html,$729.00,$729.00
APPLE,MACBOOK PRO 16-INCH 2.3GHZ/16GB/1TB SILVER MVVM2X/A,https://www.davidjones.com/brand/apple/23168348/MacBook-Pro-16-inch-2.3GHZ%7C16GB%7C1TB-Silver-MVVM2X%7CA.html,"$4,399.00","$4,399.00"
APPLE,MACBOOK PRO 16-INCH 2.6GHZ/16GB/512GB SILVER MVVL2X/A,https://www.davidjones.com/brand/apple/23168346/MacBook-Pro-16-inch-2.6GHZ%7C16GB%7C512GB-Silver-MVVL2X%7CA.html,"$3,799.00","$3,799.00"
APPLE,MACBOOK PRO 16-INCH 2.6GHZ/16GB/512GB SPACE GREY,https://www.davidjones.com/brand/apple/23168345/MacBook-Pro-16-inch-2.6GHZ%7C16GB%7C512GB-Space-Grey.html,"$3,799.00","$3,799.00"
APPLE,AIRPODS PRO,https://www.davidjones.com/brand/apple/23137501/AirPods-Pro.html,$399.00,$399.00
APPLE,IPAD MINI SMART COVER MX4R2FE/A,https://www.davidjones.com/brand/apple/23470186/iPad-Mini-Smart-Cover-MX4R2FE%7CA.html,$65.00,$65.00
APPLE,IPAD PRO 11-INCH WI-FI + CELL 1TB - SILVER - MXE92X/A,https://www.davidjones.com/brand/apple/23470107/iPad-Pro-11-inch-WI-FI-+-CELL-1TB---Silver---MXE92X%7CA.html,"$2,429.00","$2,429.00"
APPLE,IPAD PRO 11-INCH WI-FI + CELL 512GB - SILVER - MXE72X/A,https://www.davidjones.com/brand/apple/23470105/iPad-Pro-11-inch-WI-FI-+-CELL-512GB---Silver---MXE72X%7CA.html,"$2,089.00","$2,089.00"
APPLE,IPAD PRO 11-INCH WI-FI 1TB - SILVER - MXDH2X/A,https://www.davidjones.com/brand/apple/23470099/iPad-Pro-11-inch-WI-FI-1TB---Silver---MXDH2X%7CA.html,"$2,179.00","$2,179.00"
APPLE,IPAD PRO 11-INCH WI-FI 1TB - SPACE GREY - MXDG2X/A,https://www.davidjones.com/brand/apple/23470098/iPad-Pro-11-inch-WI-FI-1TB---Space-Grey---MXDG2X%7CA.html,"$2,179.00","$2,179.00"
APPLE,IPAD PRO 12.9-INCH WI-FI 256GB - SPACE GREY - MXAT2X/A,https://www.davidjones.com/brand/apple/23470110/iPad-Pro-12.9-inch-WI-FI-256GB---Space-Grey---MXAT2X%7CA.html,"$1,819.00","$1,819.00"
APPLE,IPAD PRO 12.9-INCH WI-FI+CELL 512GB - SPACE GREY - MXF72X/A,https://www.davidjones.com/brand/apple/23470120/iPad-Pro-12.9-inch-WI-FI+CELL-512GB---Space-Grey---MXF72X%7CA.html,"$2,409.00","$2,409.00"
APPLE,MACBOOK AIR 13.3-INCH GOLD 1.1GHZ/8GB/256GB - MWTL2X/A,https://www.davidjones.com/brand/apple/23470088/MacBook-Air-13.3-inch-Gold-1.1GHZ%7C8GB%7C256GB---MWTL2X%7CA.html,"$1,599.00","$1,599.00"
APPLE,MACBOOK AIR 13.3-INCH GOLD 1.1GHZ/8GB/512GB - MVH52X/A,https://www.davidjones.com/brand/apple/23470091/MacBook-Air-13.3-inch-Gold-1.1GHZ%7C8GB%7C512GB---MVH52X%7CA.html,"$1,999.00","$1,999.00"
APPLE,MACBOOK AIR 13.3-INCH SILVER 1.1GHZ/8GB/256GB - MWTK2X/A,https://www.davidjones.com/brand/apple/23470087/MacBook-Air-13.3-inch-Silver-1.1GHZ%7C8GB%7C256GB---MWTK2X%7CA.html,"$1,599.00","$1,599.00"
APPLE,MACBOOK AIR 13.3-INCH SILVER 1.1GHZ/8GB/512GB - MVH42X/A,https://www.davidjones.com/brand/apple/23470090/MacBook-Air-13.3-inch-Silver-1.1GHZ%7C8GB%7C512GB---MVH42X%7CA.html,"$1,999.00","$1,999.00"
APPLE,MACBOOK AIR 13.3-INCH SPACE GREY 1.1GHZ/8GB/256GB - MWTJ2X/A,https://www.davidjones.com/brand/apple/23470086/MacBook-Air-13.3-inch-Space-Grey-1.1GHZ%7C8GB%7C256GB---MWTJ2X%7CA.html,"$1,599.00","$1,599.00"
APPLE,MACBOOK AIR 13.3-INCH SPACE GREY 1.1GHZ/8GB/512GB - MVH22X/A,https://www.davidjones.com/brand/apple/23470089/MacBook-Air-13.3-inch-Space-Grey-1.1GHZ%7C8GB%7C512GB---MVH22X%7CA.html,"$1,999.00","$1,999.00"
APPLE,MAGIC KEYBOARD FOR 11-INCH IPAD PRO 2ND GEN - MXQT2ZA/A,https://www.davidjones.com/brand/apple/23470190/Magic-Keyboard-for-11-inch-iPad-Pro-2nd-Gen---MXQT2ZA%7CA.html,$499.00,$499.00
APPLE,SMART COVER FOR IPAD 7TH GEN & IPAD AIR 3RD GEN - MX4U2FE/A,https://www.davidjones.com/brand/apple/23470187/Smart-Cover-for-iPad-7th-Gen-And-iPad-Air-3rd-Gen----MX4U2FE%7CA.html,$79.00,$79.00
APPLE,SMART KEYBOARD FOLIO FOR 11-INCH IPAD PRO 2ND GEN MXNK2ZA/A,https://www.davidjones.com/brand/apple/23470188/Smart-Keyboard-Folio-for-11-inch-iPad-Pro-2nd-Gen-MXNK2ZA%7CA.html,$299.00,$299.00
APPLE,SMART KEYBOARD FOR 12.9-INCH IPAD PRO 4TH GEN - MXNL2ZA/A,https://www.davidjones.com/brand/apple/23470189/Smart-Keyboard-for-12.9-inch-iPad-Pro-4th-Gen---MXNL2ZA%7CA.html,$339.00,$339.00
APPLE,SMART KEYBOARD FOR IPAD 7TH GEN & IPAD AIR 3RD GEN MX3L2ZA/A,https://www.davidjones.com/brand/apple/23470185/Smart-Keyboard-for-iPad-7th-Gen-And-iPad-Air-3rd-Gen-MX3L2ZA%7CA.html,$235.00,$235.00
APPLE,IPHONE SE SILICONE CASE,https://www.davidjones.com/brand/apple/23490031/IPHONE-SE-SILICONE-CASE.html,$55.00,$55.00
APPLE,IPHONE SE SILICONE CASE,https://www.davidjones.com/brand/apple/23490032/IPHONE-SE-SILICONE-CASE.html,$55.00,$55.00
APPLE,IPHONE SE SILICONE CASE,https://www.davidjones.com/brand/apple/23490033/IPHONE-SE-SILICONE-CASE.html,$55.00,$55.00
APPLE,IPHONE SE LEATHER CASE,https://www.davidjones.com/brand/apple/23490034/IPHONE%C2%A0SE-LEATHER-CASE.html,$75.00,$75.00
APPLE,IPHONE SE LEATHER CASE,https://www.davidjones.com/brand/apple/23490035/IPHONE%C2%A0SE-LEATHER-CASE.html,$75.00,$75.00
APPLE,IPHONE SE LEATHER CASE,https://www.davidjones.com/brand/apple/23490036/IPHONE%C2%A0SE-LEATHER-CASE.html,$75.00,$75.00
APPLE,MACBOOK PRO 13-INCH 1.4GHZ I5/8GB/256GB SILVER - MXK62X/A,https://www.davidjones.com/brand/apple/23503451/MacBook-Pro-13-inch-1.4GHZ-I5%7C8GB%7C256GB--Silver---MXK62X%7CA.html,"$1,999.00","$1,999.00"
APPLE,MACBOOK PRO 13-INCH 1.4GHZ I5/8GB/256GB SPACEGREY - MXK32X/A,https://www.davidjones.com/brand/apple/23503450/MacBook-Pro-13-inch-1.4GHZ-I5%7C8GB%7C256GB-SpaceGrey---MXK32X%7CA.html,"$1,999.00","$1,999.00"
APPLE,MACBOOK PRO 13-INCH 1.4GHZ I5/8GB/512GB SILVER - MXK72X/A,https://www.davidjones.com/brand/apple/23503453/MacBook-Pro-13-inch-1.4GHZ-I5%7C8GB%7C512GB-Silver---MXK72X%7CA.html,"$2,299.00","$2,299.00"
APPLE,MACBOOK PRO 13-INCH 1.4GHZ I5/8GB/512GB SPACE GREY -MXK52X/A,https://www.davidjones.com/brand/apple/23503452/MacBook-Pro-13-inch-1.4GHZ-I5%7C8GB%7C512GB-Space-Grey--MXK52X%7CA.html,"$2,299.00","$2,299.00"
APPLE,MACBOOK PRO 13-INCH 2.0GHZ I5/16GB/1TB SILVER - MWP82X/A,https://www.davidjones.com/brand/apple/23503457/MacBook-Pro-13-inch-2.0GHZ-I5%7C16GB%7C1TB-Silver---MWP82X%7CA.html,"$3,299.00","$3,299.00"
APPLE,MACBOOK PRO 13-INCH 2.0GHZ I5/16GB/1TB SPACE GREY - MWP52X/A,https://www.davidjones.com/brand/apple/23503456/MacBook-Pro-13-inch-2.0GHZ-I5%7C16GB%7C1TB-Space-Grey---MWP52X%7CA.html,"$3,299.00","$3,299.00"
APPLE,MACBOOK PRO 13-INCH 2.0GHZ I5/16GB/512GB SILVER - MWP72X/A,https://www.davidjones.com/brand/apple/23503455/MacBook-Pro-13-inch-2.0GHZ-I5%7C16GB%7C512GB-Silver---MWP72X%7CA.html,"$2,999.00","$2,999.00"
APPLE,MACBOOK PRO 13-INCH 2.0GHZ I5/16GB/512GB SPACEGREY -MWP42X/A,https://www.davidjones.com/brand/apple/23503454/MacBook-Pro-13-inch-2.0GHZ-I5%7C16GB%7C512GB-SpaceGrey--MWP42X%7CA.html,"$2,999.00","$2,999.00"
UGG,W ANSLEY LOAFER,https://www.davidjones.com/brand/ugg/23504554/W-Ansley-Loafer.html,$150.00,$150.00
UGG,W ANSLEY TWO-TONE BOW LOAFER,https://www.davidjones.com/brand/ugg/23504549/W-Ansley-Two-Tone-Bow-Loafer.html,$160.00,$160.00
UGG,W ANSLEY TWO-TONE BOW LOAFER,https://www.davidjones.com/brand/ugg/23504548/W-Ansley-Two-Tone-Bow-Loafer.html,$160.00,$160.00
UGG,W DAKOTA LOAFER,https://www.davidjones.com/brand/ugg/23504547/W-Dakota-Loafer.html,$150.00,$150.00
UGG,W FUZZALICIOUS SANDAL,https://www.davidjones.com/brand/ugg/23504551/W-Fuzzalicious--Sandal.html,$140.00,$140.00
UGG,W FUZZALICIOUS SANDAL,https://www.davidjones.com/brand/ugg/23504552/W-Fuzzalicious--Sandal.html,$140.00,$140.00
UGG,W FUZZALICIOUS SANDAL,https://www.davidjones.com/brand/ugg/23504553/W-Fuzzalicious-Sandal.html,$140.00,$140.00
UGG,W FUZZETTE SANDAL,https://www.davidjones.com/brand/ugg/23504550/W-Fuzzette-Sandal.html,$130.00,$130.00
UGG,W HAILEY LOAFER,https://www.davidjones.com/brand/ugg/23504545/W-Hailey-Loafer.html,$140.00,$140.00
UGG,W HAILEY LOAFER,https://www.davidjones.com/brand/ugg/23504546/W-Hailey-Loafer.html,$140.00,$140.00
UGG,W LANE MULE,https://www.davidjones.com/brand/ugg/23504543/W-Lane-Mule.html,$130.00,$130.00
UGG,W LANE MULE,https://www.davidjones.com/brand/ugg/23504542/W-Lane-Mule.html,$130.00,$130.00
UGG,COZETTE SLIDE,https://www.davidjones.com/brand/ugg/23458013/Cozette-Slide.html,$99.00,$99.00
UGG,FUZZETTE SLIDE,https://www.davidjones.com/brand/ugg/23458301/Fuzzette-Slide.html,$130.00,$130.00
UGG,FUZZETTE SLIDE,https://www.davidjones.com/brand/ugg/23458302/Fuzzette-Slide.html,$130.00,$130.00
UGG,SHAINE MULE,https://www.davidjones.com/brand/ugg/23458012/Shaine-Mule.html,$140.00,$140.00
UGG,ANSLEY,https://www.davidjones.com/brand/ugg/23356993/Ansley.html,$150.00,$150.00
UGG,COZETTE SLIDE,https://www.davidjones.com/brand/ugg/23356991/Cozette-Slide.html,$99.00,$99.00
UGG,KALEY WISP TS LOAFER,https://www.davidjones.com/brand/ugg/23356986/Kaley-Wisp-Ts-Loafer.html,$160.00,$160.00
UGG,KALEY WISP TS LOAFER,https://www.davidjones.com/brand/ugg/23356985/Kaley-Wisp-Ts-Loafer.html,$160.00,$160.00
UGG,LA CLOUD HI,https://www.davidjones.com/brand/ugg/23356997/La-Cloud-Hi.html,$170.00,$170.00
UGG,LATON,https://www.davidjones.com/brand/ugg/23356994/Laton.html,$140.00,$140.00
UGG,SCUFFETTE,https://www.davidjones.com/brand/ugg/23356992/Scuffette.html,$120.00,$120.00
UGG,SHAINE MULE,https://www.davidjones.com/brand/ugg/23356987/Shaine-Mule.html,$140.00,$140.00
UGG,FLUFFETTE,https://www.davidjones.com/brand/ugg/23043821/Fluffette.html,$140.00,$140.00
UGG,COZETTE SLIDE,https://www.davidjones.com/brand/ugg/22272051/Cozette-Slide.html,$99.00,$99.00
UGG,COZETTE SLIDE,https://www.davidjones.com/brand/ugg/22272048/Cozette-Slide.html,$99.00,$99.00
UGG,COZETTE SLIDE,https://www.davidjones.com/brand/ugg/22272049/Cozette-Slide.html,$99.00,$99.00
UGG,NEUTRA SNEAKER,https://www.davidjones.com/brand/ugg/21933978/Neutra-Sneaker.html,$150.00,$150.00
UGG,W MINI BAILEY BUTTON BOOT,https://www.davidjones.com/brand/ugg/22017504/W-Mini-Bailey-Button-Boot.html,$199.00,$199.00
UGG,W ANSLEY LOAFER,https://www.davidjones.com/brand/ugg/21993127/W-Ansley-Loafer.html,$150.00,$150.00
UGG,CLASSIC MINI SHEEPSKIN UGG BOOT BLACK,https://www.davidjones.com/brand/ugg/21549474/Classic-Mini-Sheepskin-Ugg-Boot-Black.html,$190.00,$190.00
UGG,CLASSIC MINI BOOT,https://www.davidjones.com/brand/ugg/21549475/Classic-Mini-Boot.html,$190.00,$190.00
UGG,CLASSIC MINI SHEEPSKIN UGG BOOT CHESTNUT,https://www.davidjones.com/brand/ugg/21551223/Classic-Mini-Sheepskin-Ugg-Boot-Chestnut.html,$190.00,$190.00
UGG,CLASSIC SHEEPSKIN SHORT UGG BOOT,https://www.davidjones.com/brand/ugg/21549476/Classic-Sheepskin-Short-Ugg-Boot.html,$220.00,$220.00
UGG,CLASSIC SHORT BOOT,https://www.davidjones.com/brand/ugg/21549477/Classic-Short-Boot.html,$220.00,$220.00
UGG,MINI BAILEY BUTTON BOOT,https://www.davidjones.com/brand/ugg/21549480/Mini-Bailey-Button-Boot.html,$199.00,$199.00
UGG,MINI BAILEY BUTTON BOOT,https://www.davidjones.com/brand/ugg/21549481/Mini-Bailey-Button-Boot.html,$199.00,$199.00
